LOCATION,INDICATOR,SUBJECT,MEASURE,FREQUENCY,TIME,Value,Flag Codes
AUS,SOCEXP,PUB,PC_GDP,A,1980,10.264,
AUS,SOCEXP,PUB,PC_GDP,A,1981,10.136,
AUS,SOCEXP,PUB,PC_GDP,A,1982,11.112,
AUS,SOCEXP,PUB,PC_GDP,A,1983,11.616,
AUS,SOCEXP,PUB,PC_GDP,A,1984,11.996,
AUS,SOCEXP,PUB,PC_GDP,A,1985,12.089,
AUS,SOCEXP,PUB,PC_GDP,A,1986,11.92,
AUS,SOCEXP,PUB,PC_GDP,A,1987,12.17,
AUS,SOCEXP,PUB,PC_GDP,A,1988,11.464,
AUS,SOCEXP,PUB,PC_GDP,A,1989,11.602,
AUS,SOCEXP,PUB,PC_GDP,A,1990,13.14,
AUS,SOCEXP,PUB,PC_GDP,A,1991,14.307,
AUS,SOCEXP,PUB,PC_GDP,A,1992,15.287,
AUS,SOCEXP,PUB,PC_GDP,A,1993,15.547,
AUS,SOCEXP,PUB,PC_GDP,A,1994,15.272,
AUS,SOCEXP,PUB,PC_GDP,A,1995,16.915,
AUS,SOCEXP,PUB,PC_GDP,A,1996,17.029,
AUS,SOCEXP,PUB,PC_GDP,A,1997,16.788,
AUS,SOCEXP,PUB,PC_GDP,A,1998,17.621,
AUS,SOCEXP,PUB,PC_GDP,A,1999,17.249,
AUS,SOCEXP,PUB,PC_GDP,A,2000,18.253,
AUS,SOCEXP,PUB,PC_GDP,A,2001,17.548,
AUS,SOCEXP,PUB,PC_GDP,A,2002,17.356,
AUS,SOCEXP,PUB,PC_GDP,A,2003,17.564,
AUS,SOCEXP,PUB,PC_GDP,A,2004,17.258,
AUS,SOCEXP,PUB,PC_GDP,A,2005,16.709,
AUS,SOCEXP,PUB,PC_GDP,A,2006,15.736,
AUS,SOCEXP,PUB,PC_GDP,A,2007,15.895,
AUS,SOCEXP,PUB,PC_GDP,A,2008,17.089,
AUS,SOCEXP,PUB,PC_GDP,A,2009,16.933,
AUS,SOCEXP,PUB,PC_GDP,A,2010,16.594,
AUS,SOCEXP,PUB,PC_GDP,A,2011,17.052,
AUS,SOCEXP,PUB,PC_GDP,A,2012,17.293,
AUS,SOCEXP,PUB,PC_GDP,A,2013,17.636,
AUS,SOCEXP,PUB,PC_GDP,A,2014,18.266,
AUS,SOCEXP,PUB,PC_GDP,A,2015,18.535,
AUS,SOCEXP,PUB,PC_GDP,A,2016,17.808,
AUT,SOCEXP,PUB,PC_GDP,A,1980,21.906,
AUT,SOCEXP,PUB,PC_GDP,A,1985,23.205,
AUT,SOCEXP,PUB,PC_GDP,A,1990,23.149,
AUT,SOCEXP,PUB,PC_GDP,A,1991,23.47,
AUT,SOCEXP,PUB,PC_GDP,A,1992,24.158,
AUT,SOCEXP,PUB,PC_GDP,A,1993,25.471,
AUT,SOCEXP,PUB,PC_GDP,A,1994,26.324,
AUT,SOCEXP,PUB,PC_GDP,A,1995,26.276,
AUT,SOCEXP,PUB,PC_GDP,A,1996,26.399,
AUT,SOCEXP,PUB,PC_GDP,A,1997,25.854,
AUT,SOCEXP,PUB,PC_GDP,A,1998,25.632,
AUT,SOCEXP,PUB,PC_GDP,A,1999,25.954,
AUT,SOCEXP,PUB,PC_GDP,A,2000,25.688,
AUT,SOCEXP,PUB,PC_GDP,A,2001,25.751,
AUT,SOCEXP,PUB,PC_GDP,A,2002,26.047,
AUT,SOCEXP,PUB,PC_GDP,A,2003,26.585,
AUT,SOCEXP,PUB,PC_GDP,A,2004,26.329,
AUT,SOCEXP,PUB,PC_GDP,A,2005,25.952,
AUT,SOCEXP,PUB,PC_GDP,A,2006,25.665,
AUT,SOCEXP,PUB,PC_GDP,A,2007,25.086,
AUT,SOCEXP,PUB,PC_GDP,A,2008,25.515,
AUT,SOCEXP,PUB,PC_GDP,A,2009,27.466,
AUT,SOCEXP,PUB,PC_GDP,A,2010,27.562,
AUT,SOCEXP,PUB,PC_GDP,A,2011,26.743,
AUT,SOCEXP,PUB,PC_GDP,A,2012,27.109,
AUT,SOCEXP,PUB,PC_GDP,A,2013,27.513,
AUT,SOCEXP,PUB,PC_GDP,A,2014,27.735,
AUT,SOCEXP,PUB,PC_GDP,A,2015,27.701,
AUT,SOCEXP,PUB,PC_GDP,A,2016,27.837,
AUT,SOCEXP,PUB,PC_GDP,A,2017,27.083,
AUT,SOCEXP,PUB,PC_GDP,A,2018,26.601,
BEL,SOCEXP,PUB,PC_GDP,A,1980,23.079,
BEL,SOCEXP,PUB,PC_GDP,A,1981,24.621,
BEL,SOCEXP,PUB,PC_GDP,A,1982,25.215,
BEL,SOCEXP,PUB,PC_GDP,A,1983,25.498,
BEL,SOCEXP,PUB,PC_GDP,A,1984,24.719,
BEL,SOCEXP,PUB,PC_GDP,A,1985,25.552,
BEL,SOCEXP,PUB,PC_GDP,A,1986,25.382,
BEL,SOCEXP,PUB,PC_GDP,A,1987,25.154,
BEL,SOCEXP,PUB,PC_GDP,A,1988,24.974,
BEL,SOCEXP,PUB,PC_GDP,A,1989,24.133,
BEL,SOCEXP,PUB,PC_GDP,A,1990,24.417,
BEL,SOCEXP,PUB,PC_GDP,A,1991,25.175,
BEL,SOCEXP,PUB,PC_GDP,A,1992,24.193,
BEL,SOCEXP,PUB,PC_GDP,A,1993,25.244,
BEL,SOCEXP,PUB,PC_GDP,A,1994,24.65,
BEL,SOCEXP,PUB,PC_GDP,A,1995,25.169,
BEL,SOCEXP,PUB,PC_GDP,A,1996,25.737,
BEL,SOCEXP,PUB,PC_GDP,A,1997,24.723,
BEL,SOCEXP,PUB,PC_GDP,A,1998,24.73,
BEL,SOCEXP,PUB,PC_GDP,A,1999,24.536,
BEL,SOCEXP,PUB,PC_GDP,A,2000,23.485,
BEL,SOCEXP,PUB,PC_GDP,A,2001,23.989,
BEL,SOCEXP,PUB,PC_GDP,A,2002,24.341,
BEL,SOCEXP,PUB,PC_GDP,A,2003,25.491,
BEL,SOCEXP,PUB,PC_GDP,A,2004,25.251,
BEL,SOCEXP,PUB,PC_GDP,A,2005,25.229,
BEL,SOCEXP,PUB,PC_GDP,A,2006,25.109,
BEL,SOCEXP,PUB,PC_GDP,A,2007,24.89,
BEL,SOCEXP,PUB,PC_GDP,A,2008,26.258,
BEL,SOCEXP,PUB,PC_GDP,A,2009,28.553,
BEL,SOCEXP,PUB,PC_GDP,A,2010,28.284,
BEL,SOCEXP,PUB,PC_GDP,A,2011,28.732,
BEL,SOCEXP,PUB,PC_GDP,A,2012,28.685,
BEL,SOCEXP,PUB,PC_GDP,A,2013,29.213,
BEL,SOCEXP,PUB,PC_GDP,A,2014,29.448,
BEL,SOCEXP,PUB,PC_GDP,A,2015,29.188,
BEL,SOCEXP,PUB,PC_GDP,A,2016,29.206,
BEL,SOCEXP,PUB,PC_GDP,A,2017,29.179,
BEL,SOCEXP,PUB,PC_GDP,A,2018,28.914,
CAN,SOCEXP,PUB,PC_GDP,A,1980,13.306,
CAN,SOCEXP,PUB,PC_GDP,A,1981,13.754,
CAN,SOCEXP,PUB,PC_GDP,A,1982,16.063,
CAN,SOCEXP,PUB,PC_GDP,A,1983,16.232,
CAN,SOCEXP,PUB,PC_GDP,A,1984,15.933,
CAN,SOCEXP,PUB,PC_GDP,A,1985,16.418,
CAN,SOCEXP,PUB,PC_GDP,A,1986,16.354,
CAN,SOCEXP,PUB,PC_GDP,A,1987,16.072,
CAN,SOCEXP,PUB,PC_GDP,A,1988,15.872,
CAN,SOCEXP,PUB,PC_GDP,A,1989,16.235,
CAN,SOCEXP,PUB,PC_GDP,A,1990,17.546,
CAN,SOCEXP,PUB,PC_GDP,A,1991,19.784,
CAN,SOCEXP,PUB,PC_GDP,A,1992,20.426,
CAN,SOCEXP,PUB,PC_GDP,A,1993,20.353,
CAN,SOCEXP,PUB,PC_GDP,A,1994,19.257,
CAN,SOCEXP,PUB,PC_GDP,A,1995,18.354,
CAN,SOCEXP,PUB,PC_GDP,A,1996,17.551,
CAN,SOCEXP,PUB,PC_GDP,A,1997,16.942,
CAN,SOCEXP,PUB,PC_GDP,A,1998,17.034,
CAN,SOCEXP,PUB,PC_GDP,A,1999,16.047,
CAN,SOCEXP,PUB,PC_GDP,A,2000,15.763,
CAN,SOCEXP,PUB,PC_GDP,A,2001,16.198,
CAN,SOCEXP,PUB,PC_GDP,A,2002,16.209,
CAN,SOCEXP,PUB,PC_GDP,A,2003,16.29,
CAN,SOCEXP,PUB,PC_GDP,A,2004,16.287,
CAN,SOCEXP,PUB,PC_GDP,A,2005,16.138,
CAN,SOCEXP,PUB,PC_GDP,A,2006,16.292,
CAN,SOCEXP,PUB,PC_GDP,A,2007,16.198,
CAN,SOCEXP,PUB,PC_GDP,A,2008,16.279,
CAN,SOCEXP,PUB,PC_GDP,A,2009,18.015,
CAN,SOCEXP,PUB,PC_GDP,A,2010,17.529,
CAN,SOCEXP,PUB,PC_GDP,A,2011,17.028,
CAN,SOCEXP,PUB,PC_GDP,A,2012,17.062,
CAN,SOCEXP,PUB,PC_GDP,A,2013,16.784,
CAN,SOCEXP,PUB,PC_GDP,A,2014,16.691,
CAN,SOCEXP,PUB,PC_GDP,A,2015,17.628,
CAN,SOCEXP,PUB,PC_GDP,A,2016,17.436,
CAN,SOCEXP,PUB,PC_GDP,A,2017,17.325,
CZE,SOCEXP,PUB,PC_GDP,A,1990,14.113,
CZE,SOCEXP,PUB,PC_GDP,A,1991,15.17,
CZE,SOCEXP,PUB,PC_GDP,A,1992,15.444,
CZE,SOCEXP,PUB,PC_GDP,A,1993,15.713,
CZE,SOCEXP,PUB,PC_GDP,A,1994,15.797,
CZE,SOCEXP,PUB,PC_GDP,A,1995,16.065,
CZE,SOCEXP,PUB,PC_GDP,A,1996,16.078,
CZE,SOCEXP,PUB,PC_GDP,A,1997,16.829,
CZE,SOCEXP,PUB,PC_GDP,A,1998,17.136,
CZE,SOCEXP,PUB,PC_GDP,A,1999,17.781,
CZE,SOCEXP,PUB,PC_GDP,A,2000,17.911,
CZE,SOCEXP,PUB,PC_GDP,A,2001,17.882,
CZE,SOCEXP,PUB,PC_GDP,A,2002,18.61,
CZE,SOCEXP,PUB,PC_GDP,A,2003,18.766,
CZE,SOCEXP,PUB,PC_GDP,A,2004,17.94,
CZE,SOCEXP,PUB,PC_GDP,A,2005,18.074,
CZE,SOCEXP,PUB,PC_GDP,A,2006,17.737,
CZE,SOCEXP,PUB,PC_GDP,A,2007,17.521,
CZE,SOCEXP,PUB,PC_GDP,A,2008,17.801,
CZE,SOCEXP,PUB,PC_GDP,A,2009,20.118,
CZE,SOCEXP,PUB,PC_GDP,A,2010,19.722,
CZE,SOCEXP,PUB,PC_GDP,A,2011,19.758,
CZE,SOCEXP,PUB,PC_GDP,A,2012,19.968,
CZE,SOCEXP,PUB,PC_GDP,A,2013,20.902,
CZE,SOCEXP,PUB,PC_GDP,A,2014,20.219,
CZE,SOCEXP,PUB,PC_GDP,A,2015,19.395,
CZE,SOCEXP,PUB,PC_GDP,A,2016,19.139,
CZE,SOCEXP,PUB,PC_GDP,A,2017,18.998,
CZE,SOCEXP,PUB,PC_GDP,A,2018,18.724,
DNK,SOCEXP,PUB,PC_GDP,A,1980,20.259,
DNK,SOCEXP,PUB,PC_GDP,A,1981,20.131,
DNK,SOCEXP,PUB,PC_GDP,A,1982,19.967,
DNK,SOCEXP,PUB,PC_GDP,A,1983,20.066,
DNK,SOCEXP,PUB,PC_GDP,A,1984,19.233,
DNK,SOCEXP,PUB,PC_GDP,A,1985,19.159,
DNK,SOCEXP,PUB,PC_GDP,A,1986,19.673,
DNK,SOCEXP,PUB,PC_GDP,A,1987,20.478,
DNK,SOCEXP,PUB,PC_GDP,A,1988,21.48,
DNK,SOCEXP,PUB,PC_GDP,A,1989,21.474,
DNK,SOCEXP,PUB,PC_GDP,A,1990,21.949,
DNK,SOCEXP,PUB,PC_GDP,A,1991,22.404,
DNK,SOCEXP,PUB,PC_GDP,A,1992,22.6,
DNK,SOCEXP,PUB,PC_GDP,A,1993,23.791,
DNK,SOCEXP,PUB,PC_GDP,A,1994,25.424,
DNK,SOCEXP,PUB,PC_GDP,A,1995,25.513,
DNK,SOCEXP,PUB,PC_GDP,A,1996,24.946,
DNK,SOCEXP,PUB,PC_GDP,A,1997,24.156,
DNK,SOCEXP,PUB,PC_GDP,A,1998,23.741,
DNK,SOCEXP,PUB,PC_GDP,A,1999,24.547,
DNK,SOCEXP,PUB,PC_GDP,A,2000,23.765,
DNK,SOCEXP,PUB,PC_GDP,A,2001,24.29,
DNK,SOCEXP,PUB,PC_GDP,A,2002,24.804,
DNK,SOCEXP,PUB,PC_GDP,A,2003,25.328,
DNK,SOCEXP,PUB,PC_GDP,A,2004,25.119,
DNK,SOCEXP,PUB,PC_GDP,A,2005,25.195,
DNK,SOCEXP,PUB,PC_GDP,A,2006,24.961,
DNK,SOCEXP,PUB,PC_GDP,A,2007,24.982,
DNK,SOCEXP,PUB,PC_GDP,A,2008,25.371,
DNK,SOCEXP,PUB,PC_GDP,A,2009,28.251,
DNK,SOCEXP,PUB,PC_GDP,A,2010,28.592,
DNK,SOCEXP,PUB,PC_GDP,A,2011,28.634,
DNK,SOCEXP,PUB,PC_GDP,A,2012,28.747,
DNK,SOCEXP,PUB,PC_GDP,A,2013,28.776,
DNK,SOCEXP,PUB,PC_GDP,A,2014,28.823,
DNK,SOCEXP,PUB,PC_GDP,A,2015,28.99,
DNK,SOCEXP,PUB,PC_GDP,A,2016,28.749,
DNK,SOCEXP,PUB,PC_GDP,A,2017,28.121,
DNK,SOCEXP,PUB,PC_GDP,A,2018,27.991,
FIN,SOCEXP,PUB,PC_GDP,A,1980,17.742,
FIN,SOCEXP,PUB,PC_GDP,A,1981,17.881,
FIN,SOCEXP,PUB,PC_GDP,A,1982,18.912,
FIN,SOCEXP,PUB,PC_GDP,A,1983,19.816,
FIN,SOCEXP,PUB,PC_GDP,A,1984,20.611,
FIN,SOCEXP,PUB,PC_GDP,A,1985,21.663,
FIN,SOCEXP,PUB,PC_GDP,A,1986,22.105,
FIN,SOCEXP,PUB,PC_GDP,A,1987,22.744,
FIN,SOCEXP,PUB,PC_GDP,A,1988,22.077,
FIN,SOCEXP,PUB,PC_GDP,A,1989,21.805,
FIN,SOCEXP,PUB,PC_GDP,A,1990,23.318,
FIN,SOCEXP,PUB,PC_GDP,A,1991,28.228,
FIN,SOCEXP,PUB,PC_GDP,A,1992,32.173,
FIN,SOCEXP,PUB,PC_GDP,A,1993,32.264,
FIN,SOCEXP,PUB,PC_GDP,A,1994,31.567,
FIN,SOCEXP,PUB,PC_GDP,A,1995,28.902,
FIN,SOCEXP,PUB,PC_GDP,A,1996,28.738,
FIN,SOCEXP,PUB,PC_GDP,A,1997,26.624,
FIN,SOCEXP,PUB,PC_GDP,A,1998,24.527,
FIN,SOCEXP,PUB,PC_GDP,A,1999,23.842,
FIN,SOCEXP,PUB,PC_GDP,A,2000,22.613,
FIN,SOCEXP,PUB,PC_GDP,A,2001,22.439,
FIN,SOCEXP,PUB,PC_GDP,A,2002,23.16,
FIN,SOCEXP,PUB,PC_GDP,A,2003,23.889,
FIN,SOCEXP,PUB,PC_GDP,A,2004,24.009,
FIN,SOCEXP,PUB,PC_GDP,A,2005,23.974,
FIN,SOCEXP,PUB,PC_GDP,A,2006,23.717,
FIN,SOCEXP,PUB,PC_GDP,A,2007,22.816,
FIN,SOCEXP,PUB,PC_GDP,A,2008,23.283,
FIN,SOCEXP,PUB,PC_GDP,A,2009,26.87,
FIN,SOCEXP,PUB,PC_GDP,A,2010,27.341,
FIN,SOCEXP,PUB,PC_GDP,A,2011,27.086,
FIN,SOCEXP,PUB,PC_GDP,A,2012,28.346,
FIN,SOCEXP,PUB,PC_GDP,A,2013,29.422,
FIN,SOCEXP,PUB,PC_GDP,A,2014,30.191,
FIN,SOCEXP,PUB,PC_GDP,A,2015,30.392,
FIN,SOCEXP,PUB,PC_GDP,A,2016,29.817,
FIN,SOCEXP,PUB,PC_GDP,A,2017,28.883,
FIN,SOCEXP,PUB,PC_GDP,A,2018,28.707,
FRA,SOCEXP,PUB,PC_GDP,A,1980,20.073,
FRA,SOCEXP,PUB,PC_GDP,A,1981,15.564,
FRA,SOCEXP,PUB,PC_GDP,A,1982,16.058,
FRA,SOCEXP,PUB,PC_GDP,A,1983,16.164,
FRA,SOCEXP,PUB,PC_GDP,A,1984,16.317,
FRA,SOCEXP,PUB,PC_GDP,A,1985,25.245,
FRA,SOCEXP,PUB,PC_GDP,A,1986,19.111,
FRA,SOCEXP,PUB,PC_GDP,A,1987,19.016,
FRA,SOCEXP,PUB,PC_GDP,A,1988,18.811,
FRA,SOCEXP,PUB,PC_GDP,A,1989,17.869,
FRA,SOCEXP,PUB,PC_GDP,A,1990,24.28,
FRA,SOCEXP,PUB,PC_GDP,A,1991,24.91,
FRA,SOCEXP,PUB,PC_GDP,A,1992,25.639,
FRA,SOCEXP,PUB,PC_GDP,A,1993,27.024,
FRA,SOCEXP,PUB,PC_GDP,A,1994,27.064,
FRA,SOCEXP,PUB,PC_GDP,A,1995,28.332,
FRA,SOCEXP,PUB,PC_GDP,A,1996,28.624,
FRA,SOCEXP,PUB,PC_GDP,A,1997,28.492,
FRA,SOCEXP,PUB,PC_GDP,A,1998,28.709,
FRA,SOCEXP,PUB,PC_GDP,A,1999,28.681,
FRA,SOCEXP,PUB,PC_GDP,A,2000,27.58,
FRA,SOCEXP,PUB,PC_GDP,A,2001,27.576,
FRA,SOCEXP,PUB,PC_GDP,A,2002,28.295,
FRA,SOCEXP,PUB,PC_GDP,A,2003,28.669,
FRA,SOCEXP,PUB,PC_GDP,A,2004,28.749,
FRA,SOCEXP,PUB,PC_GDP,A,2005,28.726,
FRA,SOCEXP,PUB,PC_GDP,A,2006,28.275,
FRA,SOCEXP,PUB,PC_GDP,A,2007,28.065,
FRA,SOCEXP,PUB,PC_GDP,A,2008,28.327,
FRA,SOCEXP,PUB,PC_GDP,A,2009,31.018,
FRA,SOCEXP,PUB,PC_GDP,A,2010,31.036,
FRA,SOCEXP,PUB,PC_GDP,A,2011,30.817,
FRA,SOCEXP,PUB,PC_GDP,A,2012,31.358,
FRA,SOCEXP,PUB,PC_GDP,A,2013,31.876,
FRA,SOCEXP,PUB,PC_GDP,A,2014,32.213,
FRA,SOCEXP,PUB,PC_GDP,A,2015,31.982,
FRA,SOCEXP,PUB,PC_GDP,A,2016,31.969,
FRA,SOCEXP,PUB,PC_GDP,A,2017,31.789,
FRA,SOCEXP,PUB,PC_GDP,A,2018,31.196,
DEU,SOCEXP,PUB,PC_GDP,A,1980,21.788,
DEU,SOCEXP,PUB,PC_GDP,A,1981,22.446,
DEU,SOCEXP,PUB,PC_GDP,A,1982,22.433,
DEU,SOCEXP,PUB,PC_GDP,A,1983,22.14,
DEU,SOCEXP,PUB,PC_GDP,A,1984,21.881,
DEU,SOCEXP,PUB,PC_GDP,A,1985,22.228,
DEU,SOCEXP,PUB,PC_GDP,A,1986,22.247,
DEU,SOCEXP,PUB,PC_GDP,A,1987,22.715,
DEU,SOCEXP,PUB,PC_GDP,A,1988,22.705,
DEU,SOCEXP,PUB,PC_GDP,A,1989,21.643,
DEU,SOCEXP,PUB,PC_GDP,A,1990,21.354,
DEU,SOCEXP,PUB,PC_GDP,A,1991,22.391,
DEU,SOCEXP,PUB,PC_GDP,A,1992,24.11,
DEU,SOCEXP,PUB,PC_GDP,A,1993,24.772,
DEU,SOCEXP,PUB,PC_GDP,A,1994,24.912,
DEU,SOCEXP,PUB,PC_GDP,A,1995,25.211,
DEU,SOCEXP,PUB,PC_GDP,A,1996,25.806,
DEU,SOCEXP,PUB,PC_GDP,A,1997,25.381,
DEU,SOCEXP,PUB,PC_GDP,A,1998,25.352,
DEU,SOCEXP,PUB,PC_GDP,A,1999,25.612,
DEU,SOCEXP,PUB,PC_GDP,A,2000,25.387,
DEU,SOCEXP,PUB,PC_GDP,A,2001,25.408,
DEU,SOCEXP,PUB,PC_GDP,A,2002,26.042,
DEU,SOCEXP,PUB,PC_GDP,A,2003,26.533,
DEU,SOCEXP,PUB,PC_GDP,A,2004,25.935,
DEU,SOCEXP,PUB,PC_GDP,A,2005,26.237,
DEU,SOCEXP,PUB,PC_GDP,A,2006,25.016,
DEU,SOCEXP,PUB,PC_GDP,A,2007,24.074,
DEU,SOCEXP,PUB,PC_GDP,A,2008,24.203,
DEU,SOCEXP,PUB,PC_GDP,A,2009,26.644,
DEU,SOCEXP,PUB,PC_GDP,A,2010,25.897,
DEU,SOCEXP,PUB,PC_GDP,A,2011,24.662,
DEU,SOCEXP,PUB,PC_GDP,A,2012,24.532,
DEU,SOCEXP,PUB,PC_GDP,A,2013,24.691,
DEU,SOCEXP,PUB,PC_GDP,A,2014,24.707,
DEU,SOCEXP,PUB,PC_GDP,A,2015,24.862,
DEU,SOCEXP,PUB,PC_GDP,A,2016,25.061,
DEU,SOCEXP,PUB,PC_GDP,A,2017,25.051,
DEU,SOCEXP,PUB,PC_GDP,A,2018,25.144,
GRC,SOCEXP,PUB,PC_GDP,A,1980,9.856,
GRC,SOCEXP,PUB,PC_GDP,A,1981,11.869,
GRC,SOCEXP,PUB,PC_GDP,A,1982,13.94,
GRC,SOCEXP,PUB,PC_GDP,A,1983,14.484,
GRC,SOCEXP,PUB,PC_GDP,A,1984,14.793,
GRC,SOCEXP,PUB,PC_GDP,A,1985,15.368,
GRC,SOCEXP,PUB,PC_GDP,A,1986,15.213,
GRC,SOCEXP,PUB,PC_GDP,A,1987,15.179,
GRC,SOCEXP,PUB,PC_GDP,A,1988,13.932,
GRC,SOCEXP,PUB,PC_GDP,A,1989,14.771,
GRC,SOCEXP,PUB,PC_GDP,A,1990,15.721,
GRC,SOCEXP,PUB,PC_GDP,A,1991,15.178,
GRC,SOCEXP,PUB,PC_GDP,A,1992,15.389,
GRC,SOCEXP,PUB,PC_GDP,A,1993,16.233,
GRC,SOCEXP,PUB,PC_GDP,A,1994,16.259,
GRC,SOCEXP,PUB,PC_GDP,A,1995,16.6,
GRC,SOCEXP,PUB,PC_GDP,A,1996,17.011,
GRC,SOCEXP,PUB,PC_GDP,A,1997,16.912,
GRC,SOCEXP,PUB,PC_GDP,A,1998,17.461,
GRC,SOCEXP,PUB,PC_GDP,A,1999,17.973,
GRC,SOCEXP,PUB,PC_GDP,A,2000,17.768,
GRC,SOCEXP,PUB,PC_GDP,A,2001,18.637,
GRC,SOCEXP,PUB,PC_GDP,A,2002,18.359,
GRC,SOCEXP,PUB,PC_GDP,A,2003,18.181,
GRC,SOCEXP,PUB,PC_GDP,A,2004,18.395,
GRC,SOCEXP,PUB,PC_GDP,A,2005,19.875,
GRC,SOCEXP,PUB,PC_GDP,A,2006,20.004,
GRC,SOCEXP,PUB,PC_GDP,A,2007,20.417,
GRC,SOCEXP,PUB,PC_GDP,A,2008,21.274,
GRC,SOCEXP,PUB,PC_GDP,A,2009,23.973,
GRC,SOCEXP,PUB,PC_GDP,A,2010,24.851,
GRC,SOCEXP,PUB,PC_GDP,A,2011,26.037,
GRC,SOCEXP,PUB,PC_GDP,A,2012,26.878,
GRC,SOCEXP,PUB,PC_GDP,A,2013,25.089,
GRC,SOCEXP,PUB,PC_GDP,A,2014,25.173,
GRC,SOCEXP,PUB,PC_GDP,A,2015,25.425,
GRC,SOCEXP,PUB,PC_GDP,A,2016,25.739,
GRC,SOCEXP,PUB,PC_GDP,A,2017,24.849,
GRC,SOCEXP,PUB,PC_GDP,A,2018,23.451,
HUN,SOCEXP,PUB,PC_GDP,A,1999,20.812,
HUN,SOCEXP,PUB,PC_GDP,A,2000,20.053,
HUN,SOCEXP,PUB,PC_GDP,A,2001,19.745,
HUN,SOCEXP,PUB,PC_GDP,A,2002,20.767,
HUN,SOCEXP,PUB,PC_GDP,A,2003,21.784,
HUN,SOCEXP,PUB,PC_GDP,A,2004,21.065,
HUN,SOCEXP,PUB,PC_GDP,A,2005,21.854,
HUN,SOCEXP,PUB,PC_GDP,A,2006,22.202,
HUN,SOCEXP,PUB,PC_GDP,A,2007,22.437,
HUN,SOCEXP,PUB,PC_GDP,A,2008,22.679,
HUN,SOCEXP,PUB,PC_GDP,A,2009,23.28,
HUN,SOCEXP,PUB,PC_GDP,A,2010,23.035,
HUN,SOCEXP,PUB,PC_GDP,A,2011,22.357,
HUN,SOCEXP,PUB,PC_GDP,A,2012,22.656,
HUN,SOCEXP,PUB,PC_GDP,A,2013,22.256,
HUN,SOCEXP,PUB,PC_GDP,A,2014,21.527,
HUN,SOCEXP,PUB,PC_GDP,A,2015,20.888,
HUN,SOCEXP,PUB,PC_GDP,A,2016,20.798,
HUN,SOCEXP,PUB,PC_GDP,A,2017,20.18,
HUN,SOCEXP,PUB,PC_GDP,A,2018,19.447,
ISL,SOCEXP,PUB,PC_GDP,A,1990,13.493,
ISL,SOCEXP,PUB,PC_GDP,A,1991,13.95,
ISL,SOCEXP,PUB,PC_GDP,A,1992,14.49,
ISL,SOCEXP,PUB,PC_GDP,A,1993,14.861,
ISL,SOCEXP,PUB,PC_GDP,A,1994,14.769,
ISL,SOCEXP,PUB,PC_GDP,A,1995,15.053,
ISL,SOCEXP,PUB,PC_GDP,A,1996,14.741,
ISL,SOCEXP,PUB,PC_GDP,A,1997,14.147,
ISL,SOCEXP,PUB,PC_GDP,A,1998,14.254,
ISL,SOCEXP,PUB,PC_GDP,A,1999,14.528,
ISL,SOCEXP,PUB,PC_GDP,A,2000,14.628,
ISL,SOCEXP,PUB,PC_GDP,A,2001,14.674,
ISL,SOCEXP,PUB,PC_GDP,A,2002,16.054,
ISL,SOCEXP,PUB,PC_GDP,A,2003,17.131,
ISL,SOCEXP,PUB,PC_GDP,A,2004,16.756,
ISL,SOCEXP,PUB,PC_GDP,A,2005,15.948,
ISL,SOCEXP,PUB,PC_GDP,A,2006,15.499,
ISL,SOCEXP,PUB,PC_GDP,A,2007,14.622,
ISL,SOCEXP,PUB,PC_GDP,A,2008,15.061,
ISL,SOCEXP,PUB,PC_GDP,A,2009,17.285,
ISL,SOCEXP,PUB,PC_GDP,A,2010,16.902,
ISL,SOCEXP,PUB,PC_GDP,A,2011,17.029,
ISL,SOCEXP,PUB,PC_GDP,A,2012,16.668,
ISL,SOCEXP,PUB,PC_GDP,A,2013,16.206,
ISL,SOCEXP,PUB,PC_GDP,A,2014,16.334,
ISL,SOCEXP,PUB,PC_GDP,A,2015,15.482,
ISL,SOCEXP,PUB,PC_GDP,A,2016,15.093,
ISL,SOCEXP,PUB,PC_GDP,A,2017,15.944,
ISL,SOCEXP,PUB,PC_GDP,A,2018,16.012,
IRL,SOCEXP,PUB,PC_GDP,A,1980,15.656,
IRL,SOCEXP,PUB,PC_GDP,A,1981,15.765,
IRL,SOCEXP,PUB,PC_GDP,A,1982,16.555,
IRL,SOCEXP,PUB,PC_GDP,A,1983,16.675,
IRL,SOCEXP,PUB,PC_GDP,A,1984,16.141,
IRL,SOCEXP,PUB,PC_GDP,A,1985,20.368,
IRL,SOCEXP,PUB,PC_GDP,A,1986,20.517,
IRL,SOCEXP,PUB,PC_GDP,A,1987,19.792,
IRL,SOCEXP,PUB,PC_GDP,A,1988,18.579,
IRL,SOCEXP,PUB,PC_GDP,A,1989,17.12,
IRL,SOCEXP,PUB,PC_GDP,A,1990,16.838,
IRL,SOCEXP,PUB,PC_GDP,A,1991,17.741,
IRL,SOCEXP,PUB,PC_GDP,A,1992,18.504,
IRL,SOCEXP,PUB,PC_GDP,A,1993,18.474,
IRL,SOCEXP,PUB,PC_GDP,A,1994,18.078,
IRL,SOCEXP,PUB,PC_GDP,A,1995,17.542,
IRL,SOCEXP,PUB,PC_GDP,A,1996,16.571,
IRL,SOCEXP,PUB,PC_GDP,A,1997,15.514,
IRL,SOCEXP,PUB,PC_GDP,A,1998,14.561,
IRL,SOCEXP,PUB,PC_GDP,A,1999,13.705,
IRL,SOCEXP,PUB,PC_GDP,A,2000,13.193,
IRL,SOCEXP,PUB,PC_GDP,A,2001,14.023,
IRL,SOCEXP,PUB,PC_GDP,A,2002,14.911,
IRL,SOCEXP,PUB,PC_GDP,A,2003,15.405,
IRL,SOCEXP,PUB,PC_GDP,A,2004,15.682,
IRL,SOCEXP,PUB,PC_GDP,A,2005,15.911,
IRL,SOCEXP,PUB,PC_GDP,A,2006,15.889,
IRL,SOCEXP,PUB,PC_GDP,A,2007,16.755,
IRL,SOCEXP,PUB,PC_GDP,A,2008,19.785,
IRL,SOCEXP,PUB,PC_GDP,A,2009,23.737,
IRL,SOCEXP,PUB,PC_GDP,A,2010,24.568,
IRL,SOCEXP,PUB,PC_GDP,A,2011,23.672,
IRL,SOCEXP,PUB,PC_GDP,A,2012,23.355,
IRL,SOCEXP,PUB,PC_GDP,A,2013,22.187,
IRL,SOCEXP,PUB,PC_GDP,A,2014,20.404,
IRL,SOCEXP,PUB,PC_GDP,A,2015,15.514,
IRL,SOCEXP,PUB,PC_GDP,A,2016,14.927,
IRL,SOCEXP,PUB,PC_GDP,A,2017,14.336,
IRL,SOCEXP,PUB,PC_GDP,A,2018,14.378,
ITA,SOCEXP,PUB,PC_GDP,A,1980,17.379,
ITA,SOCEXP,PUB,PC_GDP,A,1981,18.728,
ITA,SOCEXP,PUB,PC_GDP,A,1982,19.192,
ITA,SOCEXP,PUB,PC_GDP,A,1983,20.217,
ITA,SOCEXP,PUB,PC_GDP,A,1984,19.79,
ITA,SOCEXP,PUB,PC_GDP,A,1985,20.113,
ITA,SOCEXP,PUB,PC_GDP,A,1986,20.113,
ITA,SOCEXP,PUB,PC_GDP,A,1987,20.331,
ITA,SOCEXP,PUB,PC_GDP,A,1988,20.189,
ITA,SOCEXP,PUB,PC_GDP,A,1989,20.352,
ITA,SOCEXP,PUB,PC_GDP,A,1990,20.704,
ITA,SOCEXP,PUB,PC_GDP,A,1991,21.076,
ITA,SOCEXP,PUB,PC_GDP,A,1992,21.805,
ITA,SOCEXP,PUB,PC_GDP,A,1993,22.072,
ITA,SOCEXP,PUB,PC_GDP,A,1994,22.054,
ITA,SOCEXP,PUB,PC_GDP,A,1995,21.12,
ITA,SOCEXP,PUB,PC_GDP,A,1996,21.517,
ITA,SOCEXP,PUB,PC_GDP,A,1997,22.219,
ITA,SOCEXP,PUB,PC_GDP,A,1998,22.378,
ITA,SOCEXP,PUB,PC_GDP,A,1999,22.809,
ITA,SOCEXP,PUB,PC_GDP,A,2000,22.677,
ITA,SOCEXP,PUB,PC_GDP,A,2001,22.935,
ITA,SOCEXP,PUB,PC_GDP,A,2002,23.349,
ITA,SOCEXP,PUB,PC_GDP,A,2003,23.679,
ITA,SOCEXP,PUB,PC_GDP,A,2004,23.933,
ITA,SOCEXP,PUB,PC_GDP,A,2005,24.173,
ITA,SOCEXP,PUB,PC_GDP,A,2006,24.299,
ITA,SOCEXP,PUB,PC_GDP,A,2007,24.138,
ITA,SOCEXP,PUB,PC_GDP,A,2008,25.084,
ITA,SOCEXP,PUB,PC_GDP,A,2009,27.105,
ITA,SOCEXP,PUB,PC_GDP,A,2010,27.124,
ITA,SOCEXP,PUB,PC_GDP,A,2011,26.804,
ITA,SOCEXP,PUB,PC_GDP,A,2012,27.59,
ITA,SOCEXP,PUB,PC_GDP,A,2013,28.167,
ITA,SOCEXP,PUB,PC_GDP,A,2014,28.364,
ITA,SOCEXP,PUB,PC_GDP,A,2015,28.481,
ITA,SOCEXP,PUB,PC_GDP,A,2016,28.301,
ITA,SOCEXP,PUB,PC_GDP,A,2017,28.144,
ITA,SOCEXP,PUB,PC_GDP,A,2018,27.91,
JPN,SOCEXP,PUB,PC_GDP,A,1980,9.991,
JPN,SOCEXP,PUB,PC_GDP,A,1981,10.427,
JPN,SOCEXP,PUB,PC_GDP,A,1982,10.769,
JPN,SOCEXP,PUB,PC_GDP,A,1983,11.004,
JPN,SOCEXP,PUB,PC_GDP,A,1984,10.871,
JPN,SOCEXP,PUB,PC_GDP,A,1985,10.84,
JPN,SOCEXP,PUB,PC_GDP,A,1986,11.172,
JPN,SOCEXP,PUB,PC_GDP,A,1987,11.22,
JPN,SOCEXP,PUB,PC_GDP,A,1988,10.915,
JPN,SOCEXP,PUB,PC_GDP,A,1989,10.76,
JPN,SOCEXP,PUB,PC_GDP,A,1990,10.927,
JPN,SOCEXP,PUB,PC_GDP,A,1991,11.056,
JPN,SOCEXP,PUB,PC_GDP,A,1992,11.657,
JPN,SOCEXP,PUB,PC_GDP,A,1993,12.375,
JPN,SOCEXP,PUB,PC_GDP,A,1994,12.926,
JPN,SOCEXP,PUB,PC_GDP,A,1995,13.305,
JPN,SOCEXP,PUB,PC_GDP,A,1996,13.291,
JPN,SOCEXP,PUB,PC_GDP,A,1997,13.701,
JPN,SOCEXP,PUB,PC_GDP,A,1998,14.349,
JPN,SOCEXP,PUB,PC_GDP,A,1999,15.19,
JPN,SOCEXP,PUB,PC_GDP,A,2000,15.426,
JPN,SOCEXP,PUB,PC_GDP,A,2001,16.169,
JPN,SOCEXP,PUB,PC_GDP,A,2002,16.513,
JPN,SOCEXP,PUB,PC_GDP,A,2003,16.712,
JPN,SOCEXP,PUB,PC_GDP,A,2004,16.913,
JPN,SOCEXP,PUB,PC_GDP,A,2005,17.17,
JPN,SOCEXP,PUB,PC_GDP,A,2006,17.303,
JPN,SOCEXP,PUB,PC_GDP,A,2007,17.713,
JPN,SOCEXP,PUB,PC_GDP,A,2008,18.722,
JPN,SOCEXP,PUB,PC_GDP,A,2009,20.899,
JPN,SOCEXP,PUB,PC_GDP,A,2010,21.256,
JPN,SOCEXP,PUB,PC_GDP,A,2011,22.292,
JPN,SOCEXP,PUB,PC_GDP,A,2012,22.229,
JPN,SOCEXP,PUB,PC_GDP,A,2013,22.155,
JPN,SOCEXP,PUB,PC_GDP,A,2014,21.911,
JPN,SOCEXP,PUB,PC_GDP,A,2015,21.877,
KOR,SOCEXP,PUB,PC_GDP,A,1990,2.681,
KOR,SOCEXP,PUB,PC_GDP,A,1991,2.584,
KOR,SOCEXP,PUB,PC_GDP,A,1992,2.809,
KOR,SOCEXP,PUB,PC_GDP,A,1993,2.886,
KOR,SOCEXP,PUB,PC_GDP,A,1994,2.884,
KOR,SOCEXP,PUB,PC_GDP,A,1995,3.07,
KOR,SOCEXP,PUB,PC_GDP,A,1996,3.226,
KOR,SOCEXP,PUB,PC_GDP,A,1997,3.477,
KOR,SOCEXP,PUB,PC_GDP,A,1998,4.832,
KOR,SOCEXP,PUB,PC_GDP,A,1999,5.764,
KOR,SOCEXP,PUB,PC_GDP,A,2000,4.527,
KOR,SOCEXP,PUB,PC_GDP,A,2001,4.919,
KOR,SOCEXP,PUB,PC_GDP,A,2002,4.793,
KOR,SOCEXP,PUB,PC_GDP,A,2003,5.106,
KOR,SOCEXP,PUB,PC_GDP,A,2004,5.74,
KOR,SOCEXP,PUB,PC_GDP,A,2005,6.121,
KOR,SOCEXP,PUB,PC_GDP,A,2006,6.973,
KOR,SOCEXP,PUB,PC_GDP,A,2007,7.084,
KOR,SOCEXP,PUB,PC_GDP,A,2008,7.591,
KOR,SOCEXP,PUB,PC_GDP,A,2009,8.445,
KOR,SOCEXP,PUB,PC_GDP,A,2010,8.216,
KOR,SOCEXP,PUB,PC_GDP,A,2011,8.143,
KOR,SOCEXP,PUB,PC_GDP,A,2012,8.708,
KOR,SOCEXP,PUB,PC_GDP,A,2013,9.266,
KOR,SOCEXP,PUB,PC_GDP,A,2014,9.666,
KOR,SOCEXP,PUB,PC_GDP,A,2015,10.213,
KOR,SOCEXP,PUB,PC_GDP,A,2016,10.52,
KOR,SOCEXP,PUB,PC_GDP,A,2017,10.628,
KOR,SOCEXP,PUB,PC_GDP,A,2018,11.126,
LUX,SOCEXP,PUB,PC_GDP,A,1980,19.414,
LUX,SOCEXP,PUB,PC_GDP,A,1981,20.773,
LUX,SOCEXP,PUB,PC_GDP,A,1982,20.117,
LUX,SOCEXP,PUB,PC_GDP,A,1983,20.277,
LUX,SOCEXP,PUB,PC_GDP,A,1984,19.1,
LUX,SOCEXP,PUB,PC_GDP,A,1985,18.915,
LUX,SOCEXP,PUB,PC_GDP,A,1986,18.307,
LUX,SOCEXP,PUB,PC_GDP,A,1987,19.138,
LUX,SOCEXP,PUB,PC_GDP,A,1988,18.741,
LUX,SOCEXP,PUB,PC_GDP,A,1989,18.13,
LUX,SOCEXP,PUB,PC_GDP,A,1990,18.328,
LUX,SOCEXP,PUB,PC_GDP,A,1991,18.631,
LUX,SOCEXP,PUB,PC_GDP,A,1992,18.971,
LUX,SOCEXP,PUB,PC_GDP,A,1993,19.284,
LUX,SOCEXP,PUB,PC_GDP,A,1994,19.105,
LUX,SOCEXP,PUB,PC_GDP,A,1995,19.882,
LUX,SOCEXP,PUB,PC_GDP,A,1996,19.729,
LUX,SOCEXP,PUB,PC_GDP,A,1997,19.863,
LUX,SOCEXP,PUB,PC_GDP,A,1998,20.154,
LUX,SOCEXP,PUB,PC_GDP,A,1999,19.499,
LUX,SOCEXP,PUB,PC_GDP,A,2000,18.699,
LUX,SOCEXP,PUB,PC_GDP,A,2001,20.391,
LUX,SOCEXP,PUB,PC_GDP,A,2002,21.428,
LUX,SOCEXP,PUB,PC_GDP,A,2003,22.809,
LUX,SOCEXP,PUB,PC_GDP,A,2004,23.077,
LUX,SOCEXP,PUB,PC_GDP,A,2005,22.833,
LUX,SOCEXP,PUB,PC_GDP,A,2006,21.397,
LUX,SOCEXP,PUB,PC_GDP,A,2007,20.211,
LUX,SOCEXP,PUB,PC_GDP,A,2008,21.937,
LUX,SOCEXP,PUB,PC_GDP,A,2009,24.037,
LUX,SOCEXP,PUB,PC_GDP,A,2010,23.139,
LUX,SOCEXP,PUB,PC_GDP,A,2011,21.19,
LUX,SOCEXP,PUB,PC_GDP,A,2012,22.889,
LUX,SOCEXP,PUB,PC_GDP,A,2013,23.08,
LUX,SOCEXP,PUB,PC_GDP,A,2014,22.367,
LUX,SOCEXP,PUB,PC_GDP,A,2015,22.097,
LUX,SOCEXP,PUB,PC_GDP,A,2016,22.184,
LUX,SOCEXP,PUB,PC_GDP,A,2017,22.566,
LUX,SOCEXP,PUB,PC_GDP,A,2018,22.405,
MEX,SOCEXP,PUB,PC_GDP,A,1985,1.948,
MEX,SOCEXP,PUB,PC_GDP,A,1986,1.785,
MEX,SOCEXP,PUB,PC_GDP,A,1987,1.725,
MEX,SOCEXP,PUB,PC_GDP,A,1988,1.921,
MEX,SOCEXP,PUB,PC_GDP,A,1989,2.462,
MEX,SOCEXP,PUB,PC_GDP,A,1990,3.139,
MEX,SOCEXP,PUB,PC_GDP,A,1991,3.523,
MEX,SOCEXP,PUB,PC_GDP,A,1992,3.85,
MEX,SOCEXP,PUB,PC_GDP,A,1993,3.786,
MEX,SOCEXP,PUB,PC_GDP,A,1994,4.105,
MEX,SOCEXP,PUB,PC_GDP,A,1995,3.68,
MEX,SOCEXP,PUB,PC_GDP,A,1996,3.367,
MEX,SOCEXP,PUB,PC_GDP,A,1997,3.396,
MEX,SOCEXP,PUB,PC_GDP,A,1998,3.809,
MEX,SOCEXP,PUB,PC_GDP,A,1999,4.286,
MEX,SOCEXP,PUB,PC_GDP,A,2000,4.391,
MEX,SOCEXP,PUB,PC_GDP,A,2001,4.992,
MEX,SOCEXP,PUB,PC_GDP,A,2002,5.346,
MEX,SOCEXP,PUB,PC_GDP,A,2003,6.02,
MEX,SOCEXP,PUB,PC_GDP,A,2004,5.954,
MEX,SOCEXP,PUB,PC_GDP,A,2005,6.145,
MEX,SOCEXP,PUB,PC_GDP,A,2006,6.26,
MEX,SOCEXP,PUB,PC_GDP,A,2007,6.255,
MEX,SOCEXP,PUB,PC_GDP,A,2008,6.704,
MEX,SOCEXP,PUB,PC_GDP,A,2009,7.262,
MEX,SOCEXP,PUB,PC_GDP,A,2010,7.368,
MEX,SOCEXP,PUB,PC_GDP,A,2011,7.222,
MEX,SOCEXP,PUB,PC_GDP,A,2012,7.235,
MEX,SOCEXP,PUB,PC_GDP,A,2013,7.566,
MEX,SOCEXP,PUB,PC_GDP,A,2014,7.568,
MEX,SOCEXP,PUB,PC_GDP,A,2015,7.682,
MEX,SOCEXP,PUB,PC_GDP,A,2016,7.521,
NLD,SOCEXP,PUB,PC_GDP,A,1980,23.261,
NLD,SOCEXP,PUB,PC_GDP,A,1981,23.899,
NLD,SOCEXP,PUB,PC_GDP,A,1982,25.364,
NLD,SOCEXP,PUB,PC_GDP,A,1983,25.718,
NLD,SOCEXP,PUB,PC_GDP,A,1984,24.37,
NLD,SOCEXP,PUB,PC_GDP,A,1985,23.78,
NLD,SOCEXP,PUB,PC_GDP,A,1986,23.206,
NLD,SOCEXP,PUB,PC_GDP,A,1987,23.163,
NLD,SOCEXP,PUB,PC_GDP,A,1988,22.839,
NLD,SOCEXP,PUB,PC_GDP,A,1989,22.512,
NLD,SOCEXP,PUB,PC_GDP,A,1990,23.989,
NLD,SOCEXP,PUB,PC_GDP,A,1991,23.94,
NLD,SOCEXP,PUB,PC_GDP,A,1992,24.376,
NLD,SOCEXP,PUB,PC_GDP,A,1993,24.485,
NLD,SOCEXP,PUB,PC_GDP,A,1994,23.136,
NLD,SOCEXP,PUB,PC_GDP,A,1995,22.449,
NLD,SOCEXP,PUB,PC_GDP,A,1996,22.541,
NLD,SOCEXP,PUB,PC_GDP,A,1997,20.5,
NLD,SOCEXP,PUB,PC_GDP,A,1998,20.246,
NLD,SOCEXP,PUB,PC_GDP,A,1999,19.446,
NLD,SOCEXP,PUB,PC_GDP,A,2000,18.849,
NLD,SOCEXP,PUB,PC_GDP,A,2001,18.905,
NLD,SOCEXP,PUB,PC_GDP,A,2002,19.32,
NLD,SOCEXP,PUB,PC_GDP,A,2003,20.094,
NLD,SOCEXP,PUB,PC_GDP,A,2004,19.978,
NLD,SOCEXP,PUB,PC_GDP,A,2005,20.228,
NLD,SOCEXP,PUB,PC_GDP,A,2006,16.468,
NLD,SOCEXP,PUB,PC_GDP,A,2007,16.582,
NLD,SOCEXP,PUB,PC_GDP,A,2008,15.734,
NLD,SOCEXP,PUB,PC_GDP,A,2009,17.361,
NLD,SOCEXP,PUB,PC_GDP,A,2010,17.782,
NLD,SOCEXP,PUB,PC_GDP,A,2011,17.747,
NLD,SOCEXP,PUB,PC_GDP,A,2012,18.214,
NLD,SOCEXP,PUB,PC_GDP,A,2013,18.452,
NLD,SOCEXP,PUB,PC_GDP,A,2014,18.098,
NLD,SOCEXP,PUB,PC_GDP,A,2015,17.729,
NLD,SOCEXP,PUB,PC_GDP,A,2016,17.487,
NLD,SOCEXP,PUB,PC_GDP,A,2017,16.999,
NLD,SOCEXP,PUB,PC_GDP,A,2018,16.679,
NZL,SOCEXP,PUB,PC_GDP,A,1980,16.217,
NZL,SOCEXP,PUB,PC_GDP,A,1981,16.3,
NZL,SOCEXP,PUB,PC_GDP,A,1982,17.051,
NZL,SOCEXP,PUB,PC_GDP,A,1983,16.697,
NZL,SOCEXP,PUB,PC_GDP,A,1984,15.998,
NZL,SOCEXP,PUB,PC_GDP,A,1985,16.444,
NZL,SOCEXP,PUB,PC_GDP,A,1986,16.545,
NZL,SOCEXP,PUB,PC_GDP,A,1987,17.335,
NZL,SOCEXP,PUB,PC_GDP,A,1988,18.547,
NZL,SOCEXP,PUB,PC_GDP,A,1989,19.888,
NZL,SOCEXP,PUB,PC_GDP,A,1990,20.313,
NZL,SOCEXP,PUB,PC_GDP,A,1991,20.727,
NZL,SOCEXP,PUB,PC_GDP,A,1992,20.367,
NZL,SOCEXP,PUB,PC_GDP,A,1993,18.887,
NZL,SOCEXP,PUB,PC_GDP,A,1994,18.193,
NZL,SOCEXP,PUB,PC_GDP,A,1995,17.694,
NZL,SOCEXP,PUB,PC_GDP,A,1996,17.64,
NZL,SOCEXP,PUB,PC_GDP,A,1997,18.581,
NZL,SOCEXP,PUB,PC_GDP,A,1998,19.081,
NZL,SOCEXP,PUB,PC_GDP,A,1999,18.486,
NZL,SOCEXP,PUB,PC_GDP,A,2000,18.233,
NZL,SOCEXP,PUB,PC_GDP,A,2001,17.63,
NZL,SOCEXP,PUB,PC_GDP,A,2002,18.025,
NZL,SOCEXP,PUB,PC_GDP,A,2003,17.51,
NZL,SOCEXP,PUB,PC_GDP,A,2004,17.21,
NZL,SOCEXP,PUB,PC_GDP,A,2005,17.781,
NZL,SOCEXP,PUB,PC_GDP,A,2006,18.477,
NZL,SOCEXP,PUB,PC_GDP,A,2007,18.254,
NZL,SOCEXP,PUB,PC_GDP,A,2008,19.643,
NZL,SOCEXP,PUB,PC_GDP,A,2009,20.692,
NZL,SOCEXP,PUB,PC_GDP,A,2010,20.43,
NZL,SOCEXP,PUB,PC_GDP,A,2011,20.043,
NZL,SOCEXP,PUB,PC_GDP,A,2012,20.139,
NZL,SOCEXP,PUB,PC_GDP,A,2013,19.476,
NZL,SOCEXP,PUB,PC_GDP,A,2014,19.617,
NZL,SOCEXP,PUB,PC_GDP,A,2015,19.211,
NZL,SOCEXP,PUB,PC_GDP,A,2016,18.921,
NZL,SOCEXP,PUB,PC_GDP,A,2017,18.573,
NZL,SOCEXP,PUB,PC_GDP,A,2018,18.93,
NOR,SOCEXP,PUB,PC_GDP,A,1980,16.121,
NOR,SOCEXP,PUB,PC_GDP,A,1985,17.198,
NOR,SOCEXP,PUB,PC_GDP,A,1988,19.971,
NOR,SOCEXP,PUB,PC_GDP,A,1989,20.866,
NOR,SOCEXP,PUB,PC_GDP,A,1990,21.55,
NOR,SOCEXP,PUB,PC_GDP,A,1991,22.458,
NOR,SOCEXP,PUB,PC_GDP,A,1992,23.346,
NOR,SOCEXP,PUB,PC_GDP,A,1993,23.261,
NOR,SOCEXP,PUB,PC_GDP,A,1994,23.081,
NOR,SOCEXP,PUB,PC_GDP,A,1995,22.474,
NOR,SOCEXP,PUB,PC_GDP,A,1996,21.681,
NOR,SOCEXP,PUB,PC_GDP,A,1997,21.183,
NOR,SOCEXP,PUB,PC_GDP,A,1998,22.634,
NOR,SOCEXP,PUB,PC_GDP,A,1999,22.551,
NOR,SOCEXP,PUB,PC_GDP,A,2000,20.402,
NOR,SOCEXP,PUB,PC_GDP,A,2001,21.231,
NOR,SOCEXP,PUB,PC_GDP,A,2002,22.722,
NOR,SOCEXP,PUB,PC_GDP,A,2003,23.655,
NOR,SOCEXP,PUB,PC_GDP,A,2004,22.296,
NOR,SOCEXP,PUB,PC_GDP,A,2005,20.748,
NOR,SOCEXP,PUB,PC_GDP,A,2006,19.488,
NOR,SOCEXP,PUB,PC_GDP,A,2007,19.596,
NOR,SOCEXP,PUB,PC_GDP,A,2008,19.212,
NOR,SOCEXP,PUB,PC_GDP,A,2009,22.436,
NOR,SOCEXP,PUB,PC_GDP,A,2010,22.026,
NOR,SOCEXP,PUB,PC_GDP,A,2011,21.497,
NOR,SOCEXP,PUB,PC_GDP,A,2012,21.426,
NOR,SOCEXP,PUB,PC_GDP,A,2013,21.894,
NOR,SOCEXP,PUB,PC_GDP,A,2014,22.828,
NOR,SOCEXP,PUB,PC_GDP,A,2015,24.701,
NOR,SOCEXP,PUB,PC_GDP,A,2016,25.734,
NOR,SOCEXP,PUB,PC_GDP,A,2017,25.336,
NOR,SOCEXP,PUB,PC_GDP,A,2018,24.977,
POL,SOCEXP,PUB,PC_GDP,A,1990,14.209,
POL,SOCEXP,PUB,PC_GDP,A,1991,20.508,
POL,SOCEXP,PUB,PC_GDP,A,1992,24.068,
POL,SOCEXP,PUB,PC_GDP,A,1993,23.562,
POL,SOCEXP,PUB,PC_GDP,A,1994,22.487,
POL,SOCEXP,PUB,PC_GDP,A,1995,21.832,
POL,SOCEXP,PUB,PC_GDP,A,1996,22.022,
POL,SOCEXP,PUB,PC_GDP,A,1997,21.512,
POL,SOCEXP,PUB,PC_GDP,A,1998,20.812,
POL,SOCEXP,PUB,PC_GDP,A,1999,21.153,
POL,SOCEXP,PUB,PC_GDP,A,2000,20.221,
POL,SOCEXP,PUB,PC_GDP,A,2001,21.754,
POL,SOCEXP,PUB,PC_GDP,A,2002,22.04,
POL,SOCEXP,PUB,PC_GDP,A,2003,21.997,
POL,SOCEXP,PUB,PC_GDP,A,2004,21.105,
POL,SOCEXP,PUB,PC_GDP,A,2005,20.761,
POL,SOCEXP,PUB,PC_GDP,A,2006,20.495,
POL,SOCEXP,PUB,PC_GDP,A,2007,19.406,
POL,SOCEXP,PUB,PC_GDP,A,2008,20.095,
POL,SOCEXP,PUB,PC_GDP,A,2009,21.188,
POL,SOCEXP,PUB,PC_GDP,A,2010,20.629,
POL,SOCEXP,PUB,PC_GDP,A,2011,19.442,
POL,SOCEXP,PUB,PC_GDP,A,2012,19.556,
POL,SOCEXP,PUB,PC_GDP,A,2013,20.477,
POL,SOCEXP,PUB,PC_GDP,A,2014,20.345,
POL,SOCEXP,PUB,PC_GDP,A,2015,20.22,
POL,SOCEXP,PUB,PC_GDP,A,2016,21.204,
POL,SOCEXP,PUB,PC_GDP,A,2017,20.959,
POL,SOCEXP,PUB,PC_GDP,A,2018,21.133,
PRT,SOCEXP,PUB,PC_GDP,A,1980,9.514,
PRT,SOCEXP,PUB,PC_GDP,A,1981,10.156,
PRT,SOCEXP,PUB,PC_GDP,A,1982,9.613,
PRT,SOCEXP,PUB,PC_GDP,A,1983,9.727,
PRT,SOCEXP,PUB,PC_GDP,A,1984,9.663,
PRT,SOCEXP,PUB,PC_GDP,A,1985,9.829,
PRT,SOCEXP,PUB,PC_GDP,A,1986,10.423,
PRT,SOCEXP,PUB,PC_GDP,A,1987,10.694,
PRT,SOCEXP,PUB,PC_GDP,A,1988,10.851,
PRT,SOCEXP,PUB,PC_GDP,A,1989,10.494,
PRT,SOCEXP,PUB,PC_GDP,A,1990,12.224,
PRT,SOCEXP,PUB,PC_GDP,A,1991,13.102,
PRT,SOCEXP,PUB,PC_GDP,A,1992,13.756,
PRT,SOCEXP,PUB,PC_GDP,A,1993,15.117,
PRT,SOCEXP,PUB,PC_GDP,A,1994,15.236,
PRT,SOCEXP,PUB,PC_GDP,A,1995,16.016,
PRT,SOCEXP,PUB,PC_GDP,A,1996,16.595,
PRT,SOCEXP,PUB,PC_GDP,A,1997,16.437,
PRT,SOCEXP,PUB,PC_GDP,A,1998,16.829,
PRT,SOCEXP,PUB,PC_GDP,A,1999,17.236,
PRT,SOCEXP,PUB,PC_GDP,A,2000,18.468,
PRT,SOCEXP,PUB,PC_GDP,A,2001,18.948,
PRT,SOCEXP,PUB,PC_GDP,A,2002,20.281,
PRT,SOCEXP,PUB,PC_GDP,A,2003,21.324,
PRT,SOCEXP,PUB,PC_GDP,A,2004,21.654,
PRT,SOCEXP,PUB,PC_GDP,A,2005,22.287,
PRT,SOCEXP,PUB,PC_GDP,A,2006,22.019,
PRT,SOCEXP,PUB,PC_GDP,A,2007,21.727,
PRT,SOCEXP,PUB,PC_GDP,A,2008,22.184,
PRT,SOCEXP,PUB,PC_GDP,A,2009,24.542,
PRT,SOCEXP,PUB,PC_GDP,A,2010,24.474,
PRT,SOCEXP,PUB,PC_GDP,A,2011,24.388,
PRT,SOCEXP,PUB,PC_GDP,A,2012,24.525,
PRT,SOCEXP,PUB,PC_GDP,A,2013,25.573,
PRT,SOCEXP,PUB,PC_GDP,A,2014,25.069,
PRT,SOCEXP,PUB,PC_GDP,A,2015,24.039,
PRT,SOCEXP,PUB,PC_GDP,A,2016,23.673,
PRT,SOCEXP,PUB,PC_GDP,A,2017,23.711,
PRT,SOCEXP,PUB,PC_GDP,A,2018,22.613,
SVK,SOCEXP,PUB,PC_GDP,A,1995,18.403,
SVK,SOCEXP,PUB,PC_GDP,A,1996,18.004,
SVK,SOCEXP,PUB,PC_GDP,A,1997,17.611,
SVK,SOCEXP,PUB,PC_GDP,A,1998,17.722,
SVK,SOCEXP,PUB,PC_GDP,A,1999,18.207,
SVK,SOCEXP,PUB,PC_GDP,A,2000,17.55,
SVK,SOCEXP,PUB,PC_GDP,A,2001,17.258,
SVK,SOCEXP,PUB,PC_GDP,A,2002,17.412,
SVK,SOCEXP,PUB,PC_GDP,A,2003,16.649,
SVK,SOCEXP,PUB,PC_GDP,A,2004,15.924,
SVK,SOCEXP,PUB,PC_GDP,A,2005,15.782,
SVK,SOCEXP,PUB,PC_GDP,A,2006,15.526,
SVK,SOCEXP,PUB,PC_GDP,A,2007,15.283,
SVK,SOCEXP,PUB,PC_GDP,A,2008,15.337,
SVK,SOCEXP,PUB,PC_GDP,A,2009,18.2,
SVK,SOCEXP,PUB,PC_GDP,A,2010,18,
SVK,SOCEXP,PUB,PC_GDP,A,2011,17.688,
SVK,SOCEXP,PUB,PC_GDP,A,2012,17.84,
SVK,SOCEXP,PUB,PC_GDP,A,2013,18.025,
SVK,SOCEXP,PUB,PC_GDP,A,2014,18.09,
SVK,SOCEXP,PUB,PC_GDP,A,2015,17.8,
SVK,SOCEXP,PUB,PC_GDP,A,2016,17.777,
SVK,SOCEXP,PUB,PC_GDP,A,2017,17.345,
SVK,SOCEXP,PUB,PC_GDP,A,2018,16.953,
ESP,SOCEXP,PUB,PC_GDP,A,1980,14.983,
ESP,SOCEXP,PUB,PC_GDP,A,1981,16.085,
ESP,SOCEXP,PUB,PC_GDP,A,1982,16.098,
ESP,SOCEXP,PUB,PC_GDP,A,1983,16.828,
ESP,SOCEXP,PUB,PC_GDP,A,1984,16.605,
ESP,SOCEXP,PUB,PC_GDP,A,1985,17.133,
ESP,SOCEXP,PUB,PC_GDP,A,1986,16.882,
ESP,SOCEXP,PUB,PC_GDP,A,1987,16.763,
ESP,SOCEXP,PUB,PC_GDP,A,1988,17.246,
ESP,SOCEXP,PUB,PC_GDP,A,1989,17.36,
ESP,SOCEXP,PUB,PC_GDP,A,1990,19.196,
ESP,SOCEXP,PUB,PC_GDP,A,1991,19.93,
ESP,SOCEXP,PUB,PC_GDP,A,1992,21.069,
ESP,SOCEXP,PUB,PC_GDP,A,1993,22.317,
ESP,SOCEXP,PUB,PC_GDP,A,1994,21.323,
ESP,SOCEXP,PUB,PC_GDP,A,1995,20.687,
ESP,SOCEXP,PUB,PC_GDP,A,1996,20.584,
ESP,SOCEXP,PUB,PC_GDP,A,1997,20.011,
ESP,SOCEXP,PUB,PC_GDP,A,1998,19.909,
ESP,SOCEXP,PUB,PC_GDP,A,1999,19.751,
ESP,SOCEXP,PUB,PC_GDP,A,2000,19.481,
ESP,SOCEXP,PUB,PC_GDP,A,2001,19.107,
ESP,SOCEXP,PUB,PC_GDP,A,2002,19.335,
ESP,SOCEXP,PUB,PC_GDP,A,2003,19.927,
ESP,SOCEXP,PUB,PC_GDP,A,2004,20.135,
ESP,SOCEXP,PUB,PC_GDP,A,2005,20.408,
ESP,SOCEXP,PUB,PC_GDP,A,2006,20.43,
ESP,SOCEXP,PUB,PC_GDP,A,2007,20.797,
ESP,SOCEXP,PUB,PC_GDP,A,2008,22.19,
ESP,SOCEXP,PUB,PC_GDP,A,2009,25.384,
ESP,SOCEXP,PUB,PC_GDP,A,2010,24.722,
ESP,SOCEXP,PUB,PC_GDP,A,2011,25.395,
ESP,SOCEXP,PUB,PC_GDP,A,2012,25.341,
ESP,SOCEXP,PUB,PC_GDP,A,2013,25.559,
ESP,SOCEXP,PUB,PC_GDP,A,2014,25.231,
ESP,SOCEXP,PUB,PC_GDP,A,2015,24.656,
ESP,SOCEXP,PUB,PC_GDP,A,2016,24.251,
ESP,SOCEXP,PUB,PC_GDP,A,2017,23.854,
ESP,SOCEXP,PUB,PC_GDP,A,2018,23.709,
SWE,SOCEXP,PUB,PC_GDP,A,1980,24.844,
SWE,SOCEXP,PUB,PC_GDP,A,1981,25.552,
SWE,SOCEXP,PUB,PC_GDP,A,1982,25.486,
SWE,SOCEXP,PUB,PC_GDP,A,1983,25.785,
SWE,SOCEXP,PUB,PC_GDP,A,1984,25.005,
SWE,SOCEXP,PUB,PC_GDP,A,1985,26.967,
SWE,SOCEXP,PUB,PC_GDP,A,1986,27.091,
SWE,SOCEXP,PUB,PC_GDP,A,1987,27.314,
SWE,SOCEXP,PUB,PC_GDP,A,1988,27.768,
SWE,SOCEXP,PUB,PC_GDP,A,1989,27.187,
SWE,SOCEXP,PUB,PC_GDP,A,1990,27.237,
SWE,SOCEXP,PUB,PC_GDP,A,1991,29.07,
SWE,SOCEXP,PUB,PC_GDP,A,1992,32.666,
SWE,SOCEXP,PUB,PC_GDP,A,1993,34.178,
SWE,SOCEXP,PUB,PC_GDP,A,1994,32.942,
SWE,SOCEXP,PUB,PC_GDP,A,1995,30.561,
SWE,SOCEXP,PUB,PC_GDP,A,1996,30.093,
SWE,SOCEXP,PUB,PC_GDP,A,1997,28.867,
SWE,SOCEXP,PUB,PC_GDP,A,1998,28.523,
SWE,SOCEXP,PUB,PC_GDP,A,1999,27.979,
SWE,SOCEXP,PUB,PC_GDP,A,2000,26.773,
SWE,SOCEXP,PUB,PC_GDP,A,2001,26.814,
SWE,SOCEXP,PUB,PC_GDP,A,2002,27.521,
SWE,SOCEXP,PUB,PC_GDP,A,2003,28.199,
SWE,SOCEXP,PUB,PC_GDP,A,2004,27.671,
SWE,SOCEXP,PUB,PC_GDP,A,2005,27.325,
SWE,SOCEXP,PUB,PC_GDP,A,2006,26.61,
SWE,SOCEXP,PUB,PC_GDP,A,2007,25.483,
SWE,SOCEXP,PUB,PC_GDP,A,2008,25.55,
SWE,SOCEXP,PUB,PC_GDP,A,2009,27.632,
SWE,SOCEXP,PUB,PC_GDP,A,2010,26.255,
SWE,SOCEXP,PUB,PC_GDP,A,2011,25.59,
SWE,SOCEXP,PUB,PC_GDP,A,2012,26.507,
SWE,SOCEXP,PUB,PC_GDP,A,2013,27.174,
SWE,SOCEXP,PUB,PC_GDP,A,2014,26.804,
SWE,SOCEXP,PUB,PC_GDP,A,2015,26.341,
SWE,SOCEXP,PUB,PC_GDP,A,2016,26.421,
SWE,SOCEXP,PUB,PC_GDP,A,2017,26.143,
SWE,SOCEXP,PUB,PC_GDP,A,2018,26.055,
CHE,SOCEXP,PUB,PC_GDP,A,1980,12.737,
CHE,SOCEXP,PUB,PC_GDP,A,1981,12.456,
CHE,SOCEXP,PUB,PC_GDP,A,1982,13.172,
CHE,SOCEXP,PUB,PC_GDP,A,1983,13.539,
CHE,SOCEXP,PUB,PC_GDP,A,1984,13.684,
CHE,SOCEXP,PUB,PC_GDP,A,1985,13.358,
CHE,SOCEXP,PUB,PC_GDP,A,1986,13.474,
CHE,SOCEXP,PUB,PC_GDP,A,1987,13.59,
CHE,SOCEXP,PUB,PC_GDP,A,1988,13.636,
CHE,SOCEXP,PUB,PC_GDP,A,1989,13.344,
CHE,SOCEXP,PUB,PC_GDP,A,1990,12.091,
CHE,SOCEXP,PUB,PC_GDP,A,1991,13.064,
CHE,SOCEXP,PUB,PC_GDP,A,1992,14.416,
CHE,SOCEXP,PUB,PC_GDP,A,1993,15.748,
CHE,SOCEXP,PUB,PC_GDP,A,1994,15.685,
CHE,SOCEXP,PUB,PC_GDP,A,1995,14.033,
CHE,SOCEXP,PUB,PC_GDP,A,1996,14.397,
CHE,SOCEXP,PUB,PC_GDP,A,1997,14.909,
CHE,SOCEXP,PUB,PC_GDP,A,1998,14.869,
CHE,SOCEXP,PUB,PC_GDP,A,1999,14.648,
CHE,SOCEXP,PUB,PC_GDP,A,2000,13.875,
CHE,SOCEXP,PUB,PC_GDP,A,2001,14.184,
CHE,SOCEXP,PUB,PC_GDP,A,2002,15.056,
CHE,SOCEXP,PUB,PC_GDP,A,2003,15.946,
CHE,SOCEXP,PUB,PC_GDP,A,2004,15.852,
CHE,SOCEXP,PUB,PC_GDP,A,2005,15.622,
CHE,SOCEXP,PUB,PC_GDP,A,2006,14.697,
CHE,SOCEXP,PUB,PC_GDP,A,2007,14.085,
CHE,SOCEXP,PUB,PC_GDP,A,2008,13.818,
CHE,SOCEXP,PUB,PC_GDP,A,2009,15.256,
CHE,SOCEXP,PUB,PC_GDP,A,2010,15.061,
CHE,SOCEXP,PUB,PC_GDP,A,2011,14.928,
CHE,SOCEXP,PUB,PC_GDP,A,2012,15.287,
CHE,SOCEXP,PUB,PC_GDP,A,2013,15.439,
CHE,SOCEXP,PUB,PC_GDP,A,2014,15.502,
CHE,SOCEXP,PUB,PC_GDP,A,2015,15.885,
CHE,SOCEXP,PUB,PC_GDP,A,2016,15.907,
CHE,SOCEXP,PUB,PC_GDP,A,2017,16.124,
CHE,SOCEXP,PUB,PC_GDP,A,2018,16.023,
TUR,SOCEXP,PUB,PC_GDP,A,1980,2.246,
TUR,SOCEXP,PUB,PC_GDP,A,1981,1.649,
TUR,SOCEXP,PUB,PC_GDP,A,1982,1.785,
TUR,SOCEXP,PUB,PC_GDP,A,1983,1.845,
TUR,SOCEXP,PUB,PC_GDP,A,1984,2.22,
TUR,SOCEXP,PUB,PC_GDP,A,1985,1.951,
TUR,SOCEXP,PUB,PC_GDP,A,1986,2.096,
TUR,SOCEXP,PUB,PC_GDP,A,1987,2.188,
TUR,SOCEXP,PUB,PC_GDP,A,1988,2.555,
TUR,SOCEXP,PUB,PC_GDP,A,1989,3.087,
TUR,SOCEXP,PUB,PC_GDP,A,1990,3.795,
TUR,SOCEXP,PUB,PC_GDP,A,1991,4.057,
TUR,SOCEXP,PUB,PC_GDP,A,1992,4.166,
TUR,SOCEXP,PUB,PC_GDP,A,1993,3.973,
TUR,SOCEXP,PUB,PC_GDP,A,1994,3.64,
TUR,SOCEXP,PUB,PC_GDP,A,1995,3.365,
TUR,SOCEXP,PUB,PC_GDP,A,1996,4.59,
TUR,SOCEXP,PUB,PC_GDP,A,1997,4.845,
TUR,SOCEXP,PUB,PC_GDP,A,1998,5.022,
TUR,SOCEXP,PUB,PC_GDP,A,1999,5.731,
TUR,SOCEXP,PUB,PC_GDP,A,2000,7.549,
TUR,SOCEXP,PUB,PC_GDP,A,2001,8.228,
TUR,SOCEXP,PUB,PC_GDP,A,2002,8.801,
TUR,SOCEXP,PUB,PC_GDP,A,2003,9.76,
TUR,SOCEXP,PUB,PC_GDP,A,2004,10.053,
TUR,SOCEXP,PUB,PC_GDP,A,2005,10.087,
TUR,SOCEXP,PUB,PC_GDP,A,2006,10.358,
TUR,SOCEXP,PUB,PC_GDP,A,2007,10.907,
TUR,SOCEXP,PUB,PC_GDP,A,2008,11.106,
TUR,SOCEXP,PUB,PC_GDP,A,2009,13.022,
TUR,SOCEXP,PUB,PC_GDP,A,2010,12.336,
TUR,SOCEXP,PUB,PC_GDP,A,2011,11.858,
TUR,SOCEXP,PUB,PC_GDP,A,2012,12.004,
TUR,SOCEXP,PUB,PC_GDP,A,2013,11.804,
TUR,SOCEXP,PUB,PC_GDP,A,2014,11.696,
TUR,SOCEXP,PUB,PC_GDP,A,2015,11.572,
TUR,SOCEXP,PUB,PC_GDP,A,2016,12.524,
GBR,SOCEXP,PUB,PC_GDP,A,1980,15.587,
GBR,SOCEXP,PUB,PC_GDP,A,1981,16.879,
GBR,SOCEXP,PUB,PC_GDP,A,1982,17.324,
GBR,SOCEXP,PUB,PC_GDP,A,1983,18.123,
GBR,SOCEXP,PUB,PC_GDP,A,1984,18.056,
GBR,SOCEXP,PUB,PC_GDP,A,1985,18.181,
GBR,SOCEXP,PUB,PC_GDP,A,1986,18.193,
GBR,SOCEXP,PUB,PC_GDP,A,1987,17.389,
GBR,SOCEXP,PUB,PC_GDP,A,1988,16.133,
GBR,SOCEXP,PUB,PC_GDP,A,1989,15.458,
GBR,SOCEXP,PUB,PC_GDP,A,1990,14.903,
GBR,SOCEXP,PUB,PC_GDP,A,1991,16.385,
GBR,SOCEXP,PUB,PC_GDP,A,1992,17.821,
GBR,SOCEXP,PUB,PC_GDP,A,1993,18.423,
GBR,SOCEXP,PUB,PC_GDP,A,1994,17.76,
GBR,SOCEXP,PUB,PC_GDP,A,1995,16.717,
GBR,SOCEXP,PUB,PC_GDP,A,1996,16.522,
GBR,SOCEXP,PUB,PC_GDP,A,1997,15.806,
GBR,SOCEXP,PUB,PC_GDP,A,1998,16.242,
GBR,SOCEXP,PUB,PC_GDP,A,1999,16.056,
GBR,SOCEXP,PUB,PC_GDP,A,2000,16.192,
GBR,SOCEXP,PUB,PC_GDP,A,2001,17.032,
GBR,SOCEXP,PUB,PC_GDP,A,2002,17.126,
GBR,SOCEXP,PUB,PC_GDP,A,2003,17.883,
GBR,SOCEXP,PUB,PC_GDP,A,2004,18.379,
GBR,SOCEXP,PUB,PC_GDP,A,2005,18.338,
GBR,SOCEXP,PUB,PC_GDP,A,2006,18.239,
GBR,SOCEXP,PUB,PC_GDP,A,2007,18.814,
GBR,SOCEXP,PUB,PC_GDP,A,2008,20.108,
GBR,SOCEXP,PUB,PC_GDP,A,2009,22.242,
GBR,SOCEXP,PUB,PC_GDP,A,2010,22.423,
GBR,SOCEXP,PUB,PC_GDP,A,2011,22.16,
GBR,SOCEXP,PUB,PC_GDP,A,2012,22.229,
GBR,SOCEXP,PUB,PC_GDP,A,2013,22.45,
GBR,SOCEXP,PUB,PC_GDP,A,2014,21.858,
GBR,SOCEXP,PUB,PC_GDP,A,2015,21.609,
GBR,SOCEXP,PUB,PC_GDP,A,2016,21.24,
GBR,SOCEXP,PUB,PC_GDP,A,2017,20.753,
GBR,SOCEXP,PUB,PC_GDP,A,2018,20.591,
USA,SOCEXP,PUB,PC_GDP,A,1980,12.837,
USA,SOCEXP,PUB,PC_GDP,A,1981,13.183,
USA,SOCEXP,PUB,PC_GDP,A,1982,13.611,
USA,SOCEXP,PUB,PC_GDP,A,1983,13.77,
USA,SOCEXP,PUB,PC_GDP,A,1984,12.883,
USA,SOCEXP,PUB,PC_GDP,A,1985,12.568,
USA,SOCEXP,PUB,PC_GDP,A,1986,12.896,
USA,SOCEXP,PUB,PC_GDP,A,1987,12.846,
USA,SOCEXP,PUB,PC_GDP,A,1988,12.805,
USA,SOCEXP,PUB,PC_GDP,A,1989,12.796,
USA,SOCEXP,PUB,PC_GDP,A,1990,13.16,
USA,SOCEXP,PUB,PC_GDP,A,1991,14.129,
USA,SOCEXP,PUB,PC_GDP,A,1992,14.805,
USA,SOCEXP,PUB,PC_GDP,A,1993,15.07,
USA,SOCEXP,PUB,PC_GDP,A,1994,15.015,
USA,SOCEXP,PUB,PC_GDP,A,1995,15.06,
USA,SOCEXP,PUB,PC_GDP,A,1996,14.855,
USA,SOCEXP,PUB,PC_GDP,A,1997,14.427,
USA,SOCEXP,PUB,PC_GDP,A,1998,14.491,
USA,SOCEXP,PUB,PC_GDP,A,1999,14.23,
USA,SOCEXP,PUB,PC_GDP,A,2000,14.25,
USA,SOCEXP,PUB,PC_GDP,A,2001,14.837,
USA,SOCEXP,PUB,PC_GDP,A,2002,15.687,
USA,SOCEXP,PUB,PC_GDP,A,2003,15.945,
USA,SOCEXP,PUB,PC_GDP,A,2004,15.809,
USA,SOCEXP,PUB,PC_GDP,A,2005,15.647,
USA,SOCEXP,PUB,PC_GDP,A,2006,15.727,
USA,SOCEXP,PUB,PC_GDP,A,2007,15.862,
USA,SOCEXP,PUB,PC_GDP,A,2008,16.5,
USA,SOCEXP,PUB,PC_GDP,A,2009,18.595,
USA,SOCEXP,PUB,PC_GDP,A,2010,19.368,
USA,SOCEXP,PUB,PC_GDP,A,2011,19.083,
USA,SOCEXP,PUB,PC_GDP,A,2012,18.83,
USA,SOCEXP,PUB,PC_GDP,A,2013,18.804,
USA,SOCEXP,PUB,PC_GDP,A,2014,18.783,
USA,SOCEXP,PUB,PC_GDP,A,2015,18.848,
USA,SOCEXP,PUB,PC_GDP,A,2016,18.91,
USA,SOCEXP,PUB,PC_GDP,A,2017,18.886,
USA,SOCEXP,PUB,PC_GDP,A,2018,18.717,
CHL,SOCEXP,PUB,PC_GDP,A,1987,11.823,
CHL,SOCEXP,PUB,PC_GDP,A,1988,10.515,
CHL,SOCEXP,PUB,PC_GDP,A,1989,9.921,
CHL,SOCEXP,PUB,PC_GDP,A,1990,9.792,
CHL,SOCEXP,PUB,PC_GDP,A,1991,9.773,
CHL,SOCEXP,PUB,PC_GDP,A,1992,9.336,
CHL,SOCEXP,PUB,PC_GDP,A,1993,9.452,
CHL,SOCEXP,PUB,PC_GDP,A,1994,9.191,
CHL,SOCEXP,PUB,PC_GDP,A,1995,10.971,
CHL,SOCEXP,PUB,PC_GDP,A,1996,11.864,
CHL,SOCEXP,PUB,PC_GDP,A,1997,11.582,
CHL,SOCEXP,PUB,PC_GDP,A,1998,11.906,
CHL,SOCEXP,PUB,PC_GDP,A,1999,12.706,
CHL,SOCEXP,PUB,PC_GDP,A,2000,10.397,
CHL,SOCEXP,PUB,PC_GDP,A,2001,10.117,
CHL,SOCEXP,PUB,PC_GDP,A,2002,10.155,
CHL,SOCEXP,PUB,PC_GDP,A,2003,10.036,
CHL,SOCEXP,PUB,PC_GDP,A,2004,9.289,
CHL,SOCEXP,PUB,PC_GDP,A,2005,8.871,
CHL,SOCEXP,PUB,PC_GDP,A,2006,8.258,
CHL,SOCEXP,PUB,PC_GDP,A,2007,8.431,
CHL,SOCEXP,PUB,PC_GDP,A,2008,9.493,
CHL,SOCEXP,PUB,PC_GDP,A,2009,11.062,
CHL,SOCEXP,PUB,PC_GDP,A,2010,10.432,
CHL,SOCEXP,PUB,PC_GDP,A,2011,9.962,
CHL,SOCEXP,PUB,PC_GDP,A,2012,10.078,
CHL,SOCEXP,PUB,PC_GDP,A,2013,9.996,
CHL,SOCEXP,PUB,PC_GDP,A,2014,10.265,
CHL,SOCEXP,PUB,PC_GDP,A,2015,10.772,
CHL,SOCEXP,PUB,PC_GDP,A,2016,11.023,
CHL,SOCEXP,PUB,PC_GDP,A,2017,10.949,
EST,SOCEXP,PUB,PC_GDP,A,1999,15.135,
EST,SOCEXP,PUB,PC_GDP,A,2000,13.816,
EST,SOCEXP,PUB,PC_GDP,A,2001,13.028,
EST,SOCEXP,PUB,PC_GDP,A,2002,12.792,
EST,SOCEXP,PUB,PC_GDP,A,2003,12.918,
EST,SOCEXP,PUB,PC_GDP,A,2004,13.408,
EST,SOCEXP,PUB,PC_GDP,A,2005,12.97,
EST,SOCEXP,PUB,PC_GDP,A,2006,12.55,
EST,SOCEXP,PUB,PC_GDP,A,2007,12.574,
EST,SOCEXP,PUB,PC_GDP,A,2008,15.354,
EST,SOCEXP,PUB,PC_GDP,A,2009,19.549,
EST,SOCEXP,PUB,PC_GDP,A,2010,18.302,
EST,SOCEXP,PUB,PC_GDP,A,2011,16.312,
EST,SOCEXP,PUB,PC_GDP,A,2012,15.858,
EST,SOCEXP,PUB,PC_GDP,A,2013,15.799,
EST,SOCEXP,PUB,PC_GDP,A,2014,16.439,
EST,SOCEXP,PUB,PC_GDP,A,2015,17.698,
EST,SOCEXP,PUB,PC_GDP,A,2016,18.325,
EST,SOCEXP,PUB,PC_GDP,A,2017,18.007,
EST,SOCEXP,PUB,PC_GDP,A,2018,18.4,
ISR,SOCEXP,PUB,PC_GDP,A,1995,16.448,
ISR,SOCEXP,PUB,PC_GDP,A,1996,16.834,
ISR,SOCEXP,PUB,PC_GDP,A,1997,16.936,
ISR,SOCEXP,PUB,PC_GDP,A,1998,16.564,
ISR,SOCEXP,PUB,PC_GDP,A,1999,16.484,
ISR,SOCEXP,PUB,PC_GDP,A,2000,16.205,
ISR,SOCEXP,PUB,PC_GDP,A,2001,17.454,
ISR,SOCEXP,PUB,PC_GDP,A,2002,17.436,
ISR,SOCEXP,PUB,PC_GDP,A,2003,16.889,
ISR,SOCEXP,PUB,PC_GDP,A,2004,15.808,
ISR,SOCEXP,PUB,PC_GDP,A,2005,15.3,
ISR,SOCEXP,PUB,PC_GDP,A,2006,15.126,
ISR,SOCEXP,PUB,PC_GDP,A,2007,14.614,
ISR,SOCEXP,PUB,PC_GDP,A,2008,14.781,
ISR,SOCEXP,PUB,PC_GDP,A,2009,15.322,
ISR,SOCEXP,PUB,PC_GDP,A,2010,15.438,
ISR,SOCEXP,PUB,PC_GDP,A,2011,15.183,
ISR,SOCEXP,PUB,PC_GDP,A,2012,15.487,
ISR,SOCEXP,PUB,PC_GDP,A,2013,15.471,
ISR,SOCEXP,PUB,PC_GDP,A,2014,15.497,
ISR,SOCEXP,PUB,PC_GDP,A,2015,15.544,
ISR,SOCEXP,PUB,PC_GDP,A,2016,15.486,
ISR,SOCEXP,PUB,PC_GDP,A,2017,16.032,
SVN,SOCEXP,PUB,PC_GDP,A,1995,5.702,
SVN,SOCEXP,PUB,PC_GDP,A,1996,21.953,
SVN,SOCEXP,PUB,PC_GDP,A,1997,22.282,
SVN,SOCEXP,PUB,PC_GDP,A,1998,22.363,
SVN,SOCEXP,PUB,PC_GDP,A,1999,22.337,
SVN,SOCEXP,PUB,PC_GDP,A,2000,22.038,
SVN,SOCEXP,PUB,PC_GDP,A,2001,21.951,
SVN,SOCEXP,PUB,PC_GDP,A,2002,22.25,
SVN,SOCEXP,PUB,PC_GDP,A,2003,21.887,
SVN,SOCEXP,PUB,PC_GDP,A,2004,21.515,
SVN,SOCEXP,PUB,PC_GDP,A,2005,21.434,
SVN,SOCEXP,PUB,PC_GDP,A,2006,21.069,
SVN,SOCEXP,PUB,PC_GDP,A,2007,19.718,
SVN,SOCEXP,PUB,PC_GDP,A,2008,19.867,
SVN,SOCEXP,PUB,PC_GDP,A,2009,22.483,
SVN,SOCEXP,PUB,PC_GDP,A,2010,23.395,
SVN,SOCEXP,PUB,PC_GDP,A,2011,23.506,
SVN,SOCEXP,PUB,PC_GDP,A,2012,23.529,
SVN,SOCEXP,PUB,PC_GDP,A,2013,23.819,
SVN,SOCEXP,PUB,PC_GDP,A,2014,23.062,
SVN,SOCEXP,PUB,PC_GDP,A,2015,22.635,
SVN,SOCEXP,PUB,PC_GDP,A,2016,22.155,
SVN,SOCEXP,PUB,PC_GDP,A,2017,21.43,
SVN,SOCEXP,PUB,PC_GDP,A,2018,21.203,
OECD,SOCEXP,PUB,PC_GDP,A,1980,14.441,
OECD,SOCEXP,PUB,PC_GDP,A,1981,14.756,
OECD,SOCEXP,PUB,PC_GDP,A,1982,15.262,
OECD,SOCEXP,PUB,PC_GDP,A,1983,15.54,
OECD,SOCEXP,PUB,PC_GDP,A,1984,15.263,
OECD,SOCEXP,PUB,PC_GDP,A,1985,16.062,
OECD,SOCEXP,PUB,PC_GDP,A,1986,15.832,
OECD,SOCEXP,PUB,PC_GDP,A,1987,15.936,
OECD,SOCEXP,PUB,PC_GDP,A,1988,15.798,
OECD,SOCEXP,PUB,PC_GDP,A,1989,15.619,
OECD,SOCEXP,PUB,PC_GDP,A,1990,16.378,
OECD,SOCEXP,PUB,PC_GDP,A,1991,17.244,
OECD,SOCEXP,PUB,PC_GDP,A,1992,18.069,
OECD,SOCEXP,PUB,PC_GDP,A,1993,18.568,
OECD,SOCEXP,PUB,PC_GDP,A,1994,18.301,
OECD,SOCEXP,PUB,PC_GDP,A,1995,18.036,
OECD,SOCEXP,PUB,PC_GDP,A,1996,18.077,
OECD,SOCEXP,PUB,PC_GDP,A,1997,17.699,
OECD,SOCEXP,PUB,PC_GDP,A,1998,17.704,
OECD,SOCEXP,PUB,PC_GDP,A,1999,17.592,
OECD,SOCEXP,PUB,PC_GDP,A,2000,17.375,
OECD,SOCEXP,PUB,PC_GDP,A,2001,17.587,
OECD,SOCEXP,PUB,PC_GDP,A,2002,17.992,
OECD,SOCEXP,PUB,PC_GDP,A,2003,18.338,
OECD,SOCEXP,PUB,PC_GDP,A,2004,18.18,
OECD,SOCEXP,PUB,PC_GDP,A,2005,18.209,
OECD,SOCEXP,PUB,PC_GDP,A,2006,17.9,
OECD,SOCEXP,PUB,PC_GDP,A,2007,17.721,
OECD,SOCEXP,PUB,PC_GDP,A,2008,18.493,
OECD,SOCEXP,PUB,PC_GDP,A,2009,20.733,
OECD,SOCEXP,PUB,PC_GDP,A,2010,20.57,
OECD,SOCEXP,PUB,PC_GDP,A,2011,20.169,
OECD,SOCEXP,PUB,PC_GDP,A,2012,20.338,
OECD,SOCEXP,PUB,PC_GDP,A,2013,20.43,
OECD,SOCEXP,PUB,PC_GDP,A,2014,20.329,
OECD,SOCEXP,PUB,PC_GDP,A,2015,19.023,
OECD,SOCEXP,PUB,PC_GDP,A,2016,20.474,
OECD,SOCEXP,PUB,PC_GDP,A,2017,20.216,
OECD,SOCEXP,PUB,PC_GDP,A,2018,20.05,
LVA,SOCEXP,PUB,PC_GDP,A,1994,0,
LVA,SOCEXP,PUB,PC_GDP,A,1995,0,
LVA,SOCEXP,PUB,PC_GDP,A,1996,0,
LVA,SOCEXP,PUB,PC_GDP,A,1997,14.258,
LVA,SOCEXP,PUB,PC_GDP,A,1998,14.976,
LVA,SOCEXP,PUB,PC_GDP,A,1999,16.384,
LVA,SOCEXP,PUB,PC_GDP,A,2000,15.352,
LVA,SOCEXP,PUB,PC_GDP,A,2001,14.34,
LVA,SOCEXP,PUB,PC_GDP,A,2002,13.814,
LVA,SOCEXP,PUB,PC_GDP,A,2003,12.89,
LVA,SOCEXP,PUB,PC_GDP,A,2004,13.053,
LVA,SOCEXP,PUB,PC_GDP,A,2005,12.256,
LVA,SOCEXP,PUB,PC_GDP,A,2006,12.155,
LVA,SOCEXP,PUB,PC_GDP,A,2007,11.077,
LVA,SOCEXP,PUB,PC_GDP,A,2008,13.016,
LVA,SOCEXP,PUB,PC_GDP,A,2009,18.142,
LVA,SOCEXP,PUB,PC_GDP,A,2010,19.498,
LVA,SOCEXP,PUB,PC_GDP,A,2011,16.592,
LVA,SOCEXP,PUB,PC_GDP,A,2012,15.387,
LVA,SOCEXP,PUB,PC_GDP,A,2013,15.541,
LVA,SOCEXP,PUB,PC_GDP,A,2014,15.378,
LVA,SOCEXP,PUB,PC_GDP,A,2015,15.705,
LVA,SOCEXP,PUB,PC_GDP,A,2016,16.119,
LVA,SOCEXP,PUB,PC_GDP,A,2017,15.792,
LVA,SOCEXP,PUB,PC_GDP,A,2018,16.197,
LTU,SOCEXP,PUB,PC_GDP,A,1996,13.11,
LTU,SOCEXP,PUB,PC_GDP,A,1997,13.752,
LTU,SOCEXP,PUB,PC_GDP,A,1998,14.969,
LTU,SOCEXP,PUB,PC_GDP,A,1999,16.15,
LTU,SOCEXP,PUB,PC_GDP,A,2000,15.383,
LTU,SOCEXP,PUB,PC_GDP,A,2001,14.542,
LTU,SOCEXP,PUB,PC_GDP,A,2002,14.338,
LTU,SOCEXP,PUB,PC_GDP,A,2003,14.271,
LTU,SOCEXP,PUB,PC_GDP,A,2004,13.221,
LTU,SOCEXP,PUB,PC_GDP,A,2005,13.679,
LTU,SOCEXP,PUB,PC_GDP,A,2006,13.743,
LTU,SOCEXP,PUB,PC_GDP,A,2007,14.822,
LTU,SOCEXP,PUB,PC_GDP,A,2008,16.554,
LTU,SOCEXP,PUB,PC_GDP,A,2009,21.815,
LTU,SOCEXP,PUB,PC_GDP,A,2010,19.391,
LTU,SOCEXP,PUB,PC_GDP,A,2011,17.371,
LTU,SOCEXP,PUB,PC_GDP,A,2012,16.466,
LTU,SOCEXP,PUB,PC_GDP,A,2013,15.476,
LTU,SOCEXP,PUB,PC_GDP,A,2014,15.566,
LTU,SOCEXP,PUB,PC_GDP,A,2015,15.822,
LTU,SOCEXP,PUB,PC_GDP,A,2016,16.005,
LTU,SOCEXP,PUB,PC_GDP,A,2017,15.816,
LTU,SOCEXP,PUB,PC_GDP,A,2018,16.155,
